name,node_id,x,y
,1,25.595584,21.295758
,2,25.801503,21.501788
,3,25.800243,21.131479
,4,26.179369,21.505566
,5,25.994214,21.302778
,6,26.194483,21.103769
,7,26.389714,21.309076
