link_id,from_node_id,to_node_id,length,number_of_lanes,speed_limit,travel_time
1,1,2,0.29129,1,30,3
2,1,5,0.39869,1,30,6
3,2,5,0.27702,1,30,1
4,1,3,0.26244,1,30,3
5,3,5,0.25878,1,30,4
6,2,4,0.37788,1,30,2
7,4,5,0.2746,1,30,3
8,5,6,0.28233,1,30,2
9,7,4,0.28784,1,30,3
10,7,5,0.39555,1,30,2
11,6,7,0.28331,1,30,3
12,6,3,0.39521,1,30,4
