"Link_id,travel_time"
1,4.0
2,6
3,6.7368421052631575
4,3
5,4
6,2
7,3
8,4.157894736842105
9,3
10,2
11,6.052631578947368
12,1.0
